{
    "companyName": "Google",
    "address": "11, Test Building, Test street, Test",
    "email": "test@gmail.com",
    "phoneNumber": "+1111111111111",
    "empInfo": [
      {
        "empName": "June",
        "designation": "1",
        "joinDate": "01/01/2021",
        "email": "june@gmail.com",
        "phoneNumber": "+1111111111111",
        "skillInfo": [
          {
            "skillName": "Angular",
            "skillRating": "4"
          },
          {
            "skillName": "HTML",
            "skillRating": "5"
          },
          {
            "skillName": "CSS",
            "skillRating": "5"
          },
          {
            "skillName": "JavaScript",
            "skillRating": "5"
          }
        ],
        "eductionInfo": [
          {
            "instituteName": "Test institute",
            "courseName": "BE CSE",
            "completedYear": "Mar 2021"
          },
          {
            "instituteName": "ABC institute",
            "courseName": "BE ECE",
            "completedYear": "Jan 2020"
          }
        ]
      },
      {
        "empName": "July",
        "designation": "1",
        "joinDate": "01/01/2020",
        "email": "june@gmail.com",
        "phoneNumber": "+1111111111111",
        "skillInfo": [
          {
            "skillName": "Java",
            "skillRating": "4"
          },
          {
            "skillName": "SQL",
            "skillRating": "5"
          },
          {
            "skillName": "UI",
            "skillRating": "5"
          },
          {
            "skillName": "JavaScript",
            "skillRating": "5"
          }
        ],
        "eductionInfo": [
          {
            "instituteName": "Test institute",
            "courseName": "BE CSE",
            "completedYear": "Mar 2021"
          },
          {
            "instituteName": "ABC institute",
            "courseName": "BE ECE",
            "completedYear": "Jan 2020"
          }
        ]
      }
    ]
  }