[
    {
        "id": "java1232",
        "name": "Java"
    },
    {
        "id": "angular1232",
        "name": "Angular"
    },
    {
        "id": "css1232",
        "name": "CSS"
    },
    {
        "id": "html1232",
        "name": "HTML"
    },
    {
        "id": "js1232",
        "name": "JavaScript"
    },
    {
        "id": "ui1232",
        "name": "UI"
    },
    {
        "id": "sql1232",
        "name": "SQL"
    },
    {
        "id": "react1232",
        "name": "React"
    },
    {
        "id": "php1232",
        "name": "PHP"
    },
    {
        "id": "git1232",
        "name": "GIT"
    },
    {
        "id": "aws1232",
        "name": "AWS"
    },
    {
        "id": "python1232",
        "name": "Python"
    },
    {
        "id": "django1232",
        "name": "Django"
    },
    {
        "id": "c1232",
        "name": "C"
    },
    {
        "id": "cplusplus1232",
        "name": "C++"
    },
    {
        "id": "charp1232",
        "name": "C#"
    },
    {
        "id": "unity1232",
        "name": "Unity"
    },
    {
        "id": "r1232",
        "name": "R"
    },
    {
        "id": "ai1232",
        "name": "AI"
    },
    {
        "id": "nlp1232",
        "name": "NLP"
    },
    {
        "id": "photoshop1232",
        "name": "Photoshop"
    },
    {
        "id": "nodejs1232",
        "name": "Nodejs"
    }
]